{
    "eer": 0.38888888888893064,
    "auc": 0.6575925925925926,
    "thresh": -3.479262828826915
}